0000,【お店受取り送料無料】 パナソニック (Panasonic) SW イオン限定モデル アクティブホワイト 変速なし 20型 BE-2ELSW01F 電動自転車,69800,75384
2017,【お店受取り送料無料】【ヤマハ YAMAHA】PAS ナチュラ M 2017年モデル シルバー 26型 内装3段変速【ラクラク】【電動自転車】【イオン】【自転車】【26インチ】,78704,85000
2018,【お店受取り送料無料】 パナソニック (Panasonic) 24インチ ビビ YX 2018年モデル プラズマグレー 内装3段変速 24型 BE-ELYX43N 電動自転車,79800,86184
2018-2019,【お店受取り送料無料】 パナソニック (PANASONIC) ビビTX 2018-2019年(継続)モデル イオン限定仕様 オフホワイト 内装3段変速 26型 BE-3ELTX633 電動自転車,79800,86184
0000,【お店受取り送料無料】 パナソニック (Panasonic) 24インチ ビビ SX モダンシルバー 内装3段変速 24型 BE-ELSX43S 電動自転車,82800,89424
2018,【お店受取り送料無料】【ヤマハ】PAS ナチュラXL リミテッド 2018年モデル PA26DGLC8J レッド 26型 内装3段変速【電動自転車】【イオン】,83149,89800
0000,【お店受取り送料無料】 パナソニック (Panasonic) ベロスター ワインレッド 外装7段変速 700&#215;38C BE-ELVS77R 電動自転車,86800,93744
2019,【お店受取り送料無料】 ヤマハ (YAMAHA) PAS ナチュラM 2019年モデル レッド 内装3段変速 24&#215;1 3/8 24型 PA24NM,89800,96984
2019,【お店受取り送料無料】 ヤマハ (YAMAHA) PAS ナチュラXM 2019年モデル イオン限定仕様 12.3Ah 大容量バッテリー搭載 ナチュラM アイボリー 内装3段変速 26型 電動自転車,89800,96984
2018,【お店受取り送料無料】 ヤマハ (YAMAHA) PAS ウィズ With 2018年モデル ビビッドレッド 26型 内装3段変速 電動自転車,92408,99800
0000,【お店受取り送料無料】【トランスモバイリー】折りたたみ電動アシスト自転車 ULTRA LIGHT E-BIKE TRANS MOBILLY ブラック 14型 変速なし【ラクラク】【電動自転車】【イオン】【自転車】,92408,99800




2019,【お店受取り限定】 ヤマハ (YAMAHA) PAS ウィズ With 2019年モデル ピュアシルバー 内装3段変速 26型 PA26W 電動自転車,93800,101304
2018,【お店受取り送料無料】 ヤマハ (YAMAHA) PAS ウィズ デラックス With DX 2018年モデル グレイッシュブルー 26型 内装3段変速 電動自転車,94800,102384
2019,【お店受取り限定】 ヤマハ (YAMAHA) PAS ウィズ デラックス With DX 2019年モデル ピュアホワイト 内装3段変速 26型 PA26WDX 電動自転車,95800,103464
2019,【お店受取り限定】 ヤマハ (YAMAHA) PAS ウィズ デラックス With DX 2019年モデル ピュアホワイト 内装3段変速 24型 PA24WDX 電動自転車,95800,103464
2019,【お店受取り送料無料】 パナソニック (Panasonic) ビビ・DX 2019年モデル オフホワイト 内装3段変速 24型 BE-ELD435F2 電動自転車,97800,105624
2019,【お店受取り送料無料】 パナソニック (Panasonic) ビビ・DX 2019年モデル オフホワイト 内装3段変速 26型 BE-ELD635F2 電動自転車,97800,105624
2018,【お店受取り送料無料】 ヤマハ (YAMAHA) PAS SION U パス シオンユー 2018年モデル PA26SU レッド 26型 内装3段変速 電動自転車,98000,105840
2018,【お店受取り送料無料】 ヤマハ (YAMAHA) PAS SION U パス シオンユー 2018年モデル PA24SU レッド 24型 内装3段変速 電動自転車,98000,105840
2018,【お店受取り送料無料】 ヤマハ (YAMAHA) PAS SION U パス シオンユー 2018年モデル PA20SU レッド 20型 内装3段変速 電動自転車,98000,105840
2018,【お店受取り送料無料】【ヤマハ】PAS アミ Ami 2018年モデル マットネイビー 26型 内装3段変速【ラクラク】【電動自転車】【イオン】【自転車】,100800,108864
2018,【お店受取り送料無料】【ヤマハ】PAS CITY-C シティC 2018年モデル PA20CC マットオリーブ 20型 内装3段変速【ラクラク】【電動自転車】【イオン】【自転車】,101800,109944
2018,【お店受取り送料無料】【ヤマハ】PAS CITY-SP5 (パス シティ エスピー ファイブ) 2018年モデル PA27CSP5 メタル2 27型 内装5段変速【電動自転車】【イオン】,105800,114264
2018,【お店受取り送料無料】【ヤマハ】PAS CITY-X シティX 2018年モデル PA20CX メタル 20型 内装3段変速【ラクラク】【電動自転車】【イオン】【自転車】,105800,114264
2019,【お店受取り送料無料】 パナソニック (Panasonic) ビビ・L 2019年モデル ラセットオレンジ 内装3段変速 24型 BE-ELL43K 電動自転車,105800,114264
2019,【お店受取り送料無料】 パナソニック (Panasonic) ビビ・L 2019年モデル ラセットオレンジ 内装3段変速 26型 BE-ELL63K 電動自転車,105800,114264
2019,【お店受取り送料無料】 パナソニック (Panasonic) ビビ・L20 2019年モデル チョコブラウン 内装3段変速 20型 BE-ELL03T 電動自転車,105800,114264
0000,【お店受取り送料無料】 パナソニック (Panasonic) グリッター ココモミルク 内装3段変速 20型 BE-ELGL033F 電動自転車,106800,115344
0000,【お店受取り送料無料】 パナソニック (Panasonic) Jコンセプト マットナイト 変速なし 20型 BE-JELJ01AB 電動自転車,106800,115344
0000,【お店受取り送料無料】 ヤマハ (YAMAHA) PAS CITY-V  パス シティ ヴイ ミラーシルバー 内装5段変速 24型 PA24CV 電動自転車,109800,118584
0000,【お店受取り送料無料】 パナソニック (Panasonic) イーゼット EZ マットゴールド 内装3段変速 20型 BE-ELZ032AT 電動自転車,113800,122904
2018,【お店受取り送料無料】【ヤマハ】PAS Mina 2018年モデル シルキーホワイト 26型 内装3段変速【ラクラク】【電動自転車】【イオン】【自転車】,115800,125064
2018,【お店受取り送料無料】【ヤマハ】PAS VIENTA 5 パス ヴィエンタ ファイブ 2018年モデル PA26V ビターオレンジ 26型 内装5段変速【電動自転車】【イオン】,121800,131544
0000,【お店受取り送料無料】 パナソニック (Panasonic) オフタイム ブルーグレー&#215;ブラック 外装7段変速 18/20型 BE-ELW072AV2 電動自転車,122800,132624
0000,【お店受取り送料無料】 パナソニック (Panasonic) ハリヤ マットナイト 外装7段変速 26型 BE-ELH242BB 電動自転車,124800,134784
0000,【お店受取り送料無料】 パナソニック (Panasonic) BP02 ショアブルー 内装3段変速 26型 BE-ELZC63AV 電動自転車,126800,136944
2018,【お店受取り送料無料】【ヤマハ】PAS ウィズ スーパー With SP 2018年モデル シャンパンシルバー 26型 内装3段変速【ラクラク】【電動自転車】【イオン】【自転車】,131800,142344
2018,【お店受取り送料無料】【ヤマハ】PAS ウィズ スーパー With SP 2018年モデル ダークメタリックレッド 24型 内装3段変速【ラクラク】【電動自転車】【イオン】【自転車】,131800,142344
2019,【お店受取り送料無料】 パナソニック (Panasonic) ビビ・EX 2019年モデル ミスティグリーン 内装3段変速 24型 BE-ELE435G 電動自転車,131800,142344
2019,【お店受取り送料無料】 パナソニック (Panasonic) ビビ・EX 2019年モデル ミスティグリーン 内装3段変速 26型 BE-ELE635G 電動自転車,131800,142344
2019,【お店受取り限定】 ヤマハ (YAMAHA) PAS ウィズ スーパー With SP 2019年モデル ダークメタリックレッド 内装3段変速 26型 PA26WSP 電動自転車,131800,142344
2019,【お店受取り限定】 ヤマハ (YAMAHA) PAS ウィズ スーパー With SP 2019年モデル グレーメタリック 内装3段変速 24型 PA24WSP 電動自転車,131800,142344
0000,【お店受取り送料無料】 パナソニック (Panasonic) ジェッター マットチャコールブラック 440mmサイズ 外装8段変速 700C BE-ELHC44AB 電動自転車,145800,157464
2018,【お店受取り送料無料】 ヤマハ (YAMAHA) PAS Brace パス ブレイス 2018年モデル PA26B クリスタルホワイト 26型 内装8段変速 電動自転車,151800,163944
