サイクルスポット,2018,ブリヂストンサイクル アシスタファイン26 ママチャリ電動自転車〔A6FC18〕【2018年モデル】,79800,86184
サイクルスポット,2018,ブリヂストンサイクル アシスタベーシックミニ 電動自転車〔A0BD18〕【2018年モデル】,79800,86184
サイクルスポット,2018,パナソニック ビビSX24〔BE-ELSX43〕電動自転車【2018年モデル】【WEB限定価格】,80000,86400
サイクルスポット,2018,パナソニック ビビSX26〔BE-ELSX63〕電動自転車【2018年モデル】【WEB限定価格】,80000,86400
サイクルスポット,2018,ビビTX24〔BE-ELTX433〕【2018年モデル】パナソニック 電動自転車 ママチャリ,85000,91800
サイクルスポット,2018,ブリヂストンサイクル アシスタファイン24 電動自転車〔A4FC18〕【2018年モデル】,87800,94824
サイクルスポット,2018,ビビLU26 〔BE-ELLU632〕【2018年モデル】パナソニック 電動自転車 ママチャリ【WEB限定価格】,89000,96120
サイクルスポット,2018,ヤマハ PAS With26〔PA26AGWL8J〕パスウィズ26インチ ママチャリ電動自転車【2018年モデル】【在庫限りのアウトレット価格】,89800,96984
サイクルスポット,2018,ヤマハ PAS With24〔PA24AGWL8J〕電動自転車【2018年モデル】【在庫限りのアウトレット価格】,89800,96984
サイクルスポット,2018,ヤマハ PAS ナチュラXL LTD〔PA26DGLC8J〕電動自転車【2018年モデル】アウトレット品,89800,96984
サイクルスポット,2018,ビビDX24 〔BE-ELD434〕【2018年モデル】パナソニック 電動自転車【在庫限りのアウトレット価格】,89800,96984
サイクルスポット,2018,ブリヂストンサイクル フロンティア26 ママチャリ電動自転車〔F6AB28〕【2018年モデル】,89800,96984
サイクルスポット,2018,ブリヂストンサイクル アシスタプリマ ママチャリ電動自転車 〔A6PD18〕【2018年モデル】,89800,96984
サイクルスポット,2018,ティモW〔BE-ELWD632〕【2018年モデル】パナソニック 電動自転車 ママチャリ,91000,98280
サイクルスポット,2018,ベロスター・ミニ  小径電動自転車 ミニベロ〔BE-ELVS07〕【2018年モデル】,92800,100224
サイクルスポット,2018,ベロスター パナソニック クロスバイク 電動自転車〔BE-ELVS77〕【2018年モデル】 E-bike イーバイク,92800,100224
サイクルスポット,2017,パナソニックグリッター 電動自転車〔BE-ELGL032〕【2017年モデル】,94000,101520
サイクルスポット,2018,ブリヂストンサイクル フロンティア24 ママチャリ電動自転車〔F4AB28〕【2018年モデル】,95800,103464
サイクルスポット,2017,パナソニックティモF(BE-ELTF63)電動自転車【2017年モデル】アウトレット品,96800,104544
サイクルスポット,2019,ヤマハ PAS With24 ママチャリ電動自転車〔PA24BGWL9J〕【2019年モデル】,99800,107784
サイクルスポット,2019,ヤマハ PAS With26 ママチャリ電動自転車〔PA26BGWL9J〕【2019年モデル】,99800,107784
サイクルスポット,2019,パナソニック ビビDX 2019 24インチ 〔BE-ELD435〕 【16Ah】 ママチャリ 電動アシスト自転車 【2019年モデル】,99800,107784
サイクルスポット,2019,ビビDX 2019 26インチ パナソニック 〔BE-ELD635〕【16Ah】 ママチャリ 電動アシスト自転車 【2019年モデル】,99800,107784
サイクルスポット,0000,TRANS MOBILLY 折りたたみ電動自転車 [AL-FDB140E] E-bike イーバイク,99800,107784
サイクルスポット,2018,ヤマハ PAS CITY-C〔PA20DGC8J〕電動自転車【2018年モデル】,99800,107784
サイクルスポット,2018,ティモI〔BE-ELTA63〕【2018年モデル】パナソニック 電動自転車 ママチャリ,99800,107784
サイクルスポット,2017,パナソニックJコンセプト(BE-JELJ01)電動自転車パナソニック【2017年モデル】アウトレット品,99800,107784
サイクルスポット,2017,パナソニックティモW(BE-ELWD63)電動自転車【2017年モデル】アウトレット品,99800,107784
サイクルスポット,2018,ビビスタイル〔BE-ELDS634〕【2018年モデル】パナソニック 電動自転車 ママチャリ【WEB限定価格】,100000,108000
サイクルスポット,2018,パナソニック Jコンセプト〔BE-JELJ01A〕電動自転車【2018年モデル】【WEB限定価格】,102000,110160
サイクルスポット,2017,ブリヂストンアシスタユニ20 (A2UC37) 電動自転車【2017年モデル】,102410,110602
サイクルスポット,2019,ビビL 20インチ〔BE-ELL03〕 2019 パナソニック 小径 電動自転車【2019年モデル】(ビビLS),102800,111024
サイクルスポット,2019,ビビL 24インチ〔BE-ELL43〕 2019 パナソニック ママチャリ 電動自転車【12.0Ah】【2019年モデル】(ビビLU24),102800,111024
サイクルスポット,2019,ビビL 26インチ〔BE-ELL63〕 2019 パナソニック ママチャリ 電動自転車【12.0Ah】【2019年モデル】(ビビLU26),102800,111024
サイクルスポット,0000,アシスタユニ24電動アシスト自転車,103360,111628
サイクルスポット,2018,ヤマハ PAS CITY-S5〔PA27EGCS8J〕電動自転車【2018年モデル】,103550,111834
サイクルスポット,2018,パナソニック グリッター〔BE-ELGL033〕電動自転車【2018年モデル】,104500,112860
サイクルスポット,2019,ヤマハ PAS CITY-C〔PA20EGC9J〕 小径電動自転車【2019年モデル】,104800,113184
サイクルスポット,2019,ヤマハ PAS CITY-S5 ママチャリ電動自転車〔PA27GGCS9J〕【2019年モデル】,105500,113940
サイクルスポット,2018,ブリヂストンサイクル ステップクルーズe ママチャリ電動自転車〔ST6B48〕【2018年モデル】,105800,114264
サイクルスポット,2018,ブリヂストンサイクル フロンティアDX24 電動自転車〔F4DB38〕【2018年モデル】【在庫限りのアウトレット価格】,105800,114264
サイクルスポット,2018,ブリヂストンサイクル フロンティアDX26 電動自転車〔F6DB38〕【2018年モデル】【在庫限りのアウトレット価格】,105800,114264
サイクルスポット,2018,ヤマハ PAS CITY-X〔PA20DGX8J〕電動自転車【2018年モデル】,107350,115938
サイクルスポット,2018,ヤマハ PAS Ami(パスアミ)〔PA26DGA8J〕電動自転車【2018年モデル】26インチ,108300,116964
サイクルスポット,2019,ヤマハ PAS CITY-X〔PA20EGX9J〕 小径電動自転車【2019年モデル】,108800,117504
サイクルスポット,2019,アシスタDX 24インチ〔A4DC39〕 Assista DX 【2019年モデル】ブリヂストン ママチャリ電動自転車,109060,117784
サイクルスポット,2019,アシスタDX 2019 26インチ〔A6DC39〕Assista DX ブリヂストン ママチャリ 電動自転車,109060,117784
サイクルスポット,2019,フロンティア 24インチ 2019年〔F4AB29〕ブリヂストン ママチャリ電動自転車,109060,117784
サイクルスポット,2019,フロンティア 26インチ 2019年〔F6AB29〕ブリヂストン ママチャリ 電動自転車,109060,117784
サイクルスポット,2019,ヤマハ PAS With DX24 ママチャリ電動自転車〔PA24BGWD9J〕【2019年モデル】,109300,118044
サイクルスポット,2019,ヤマハ PAS With DX26 ママチャリ電動自転車〔PA26BGWD9J〕【2019年モデル】,109300,118044
サイクルスポット,2018,【クリスマスクーポン対象】ヤマハ PAS Babby un〔PA20CGXB8J〕パスバビーアン[PA20BXLR]子供乗せ電動自転車【2018年モデル】,109800,118584
サイクルスポット,2019,ヤマハ PAS Ami ママチャリ電動自転車〔PA26EGA9J〕【2019年モデル】,109800,118584
サイクルスポット,2018,PAS CITY-V 電動自転車〔PA24AGCV8J〕【2018年モデル】,109800,118584
サイクルスポット,0000,PAS Mina with RCS 電動自転車〔PA26CGM7J_RCS〕※後ろチャイルドシート付きモデル,109800,118584
サイクルスポット,2018,ブリヂストンサイクル カジュナe(ベーシック) ママチャリ電動自転車〔CB6B48〕【2018年モデル】,109800,118584
サイクルスポット,2018,ブリヂストンサイクル カジュナe(スイート) ママチャリ電動自転車〔CS6B48〕【2018年モデル】,109800,118584
サイクルスポット,2018,ヤマハ PAS CITY-SP5〔PA27AGCP8J〕電動自転車【2018年モデル】,110200,119016
サイクルスポット,2019,パナソニック ティモL 2019 [BE-ELSL63] ママチャリ 電動自転車 【2019年モデル】【16.0Ah】【26インチ】,110900,119772
サイクルスポット,2019,パナソニック ティモL 2019 [BE-ELSL63] ママチャリ 電動自転車 【2019年モデル】【16.0Ah】【26インチ】,110900,119772
サイクルスポット,2019,パナソニック ティモL 2019 [BE-ELSL63] ママチャリ 電動自転車 【2019年モデル】【16.0Ah】【26インチ】,110900,119772
サイクルスポット,2019,パナソニック ティモL 2019 [BE-ELSL63] ママチャリ 電動自転車 【2019年モデル】【16.0Ah】【26インチ】,110900,119772
サイクルスポット,2019,パナソニック ティモI 2019 [BE-ELTA632] ママチャリ 電動自転車 【16.0Ah】【26インチ】,110900,119772
サイクルスポット,2019,パナソニック ティモI 2019 [BE-ELTA632] ママチャリ 電動自転車 【16.0Ah】【26インチ】,110900,119772
サイクルスポット,2019,パナソニック ティモI 2019 [BE-ELTA632] ママチャリ 電動自転車 【16.0Ah】【26インチ】,110900,119772
サイクルスポット,2019,パナソニック ティモI 2019 [BE-ELTA632] ママチャリ 電動自転車 【16.0Ah】【26インチ】,110900,119772
サイクルスポット,2018,パナソニック イーゼット〔BE-ELZ032A〕小径電動自転車【2018年モデル】,111150,120042
サイクルスポット,2018,ギュットステージ〔BE-ELMU232〕【2018年モデル】パナソニック 電動自転車 ママチャリ【WEB限定価格】,111500,120420
サイクルスポット,2019,ヤマハ PAS CITY-SP5 ママチャリ電動自転車〔PA27BGCP9J〕【2019年モデル】,112000,120960
サイクルスポット,2019,パナソニック ティモDX 2019 [BE-ELDT755] ママチャリ 電動自転車 【2019年モデル】【16.0Ah】【27インチ】,112800,121824
サイクルスポット,2019,パナソニック ティモDX 2019 [BE-ELDT755] ママチャリ 電動自転車 【2019年モデル】【16.0Ah】【27インチ】,112800,121824
サイクルスポット,2019,パナソニック ティモDX 2019 [BE-ELDT755] ママチャリ 電動自転車 【2019年モデル】【16.0Ah】【27インチ】,112800,121824
サイクルスポット,2019,パナソニック ティモDX 2019 [BE-ELDT755] ママチャリ 電動自転車 【2019年モデル】【16.0Ah】【27インチ】,112800,121824
サイクルスポット,2019,パナソニック ティモS 2019 [BE-ELST634] ママチャリ 電動自転車 【16.0Ah】【26インチ】,112800,121824
サイクルスポット,2019,パナソニック ティモS 2019 [BE-ELST634] ママチャリ 電動自転車 【16.0Ah】【26インチ】,112800,121824
サイクルスポット,2019,パナソニック ティモS 2019 [BE-ELST634] ママチャリ 電動自転車 【16.0Ah】【26インチ】,112800,121824
サイクルスポット,2019,パナソニック ティモS 2019 [BE-ELST634] ママチャリ 電動自転車 【16.0Ah】【26インチ】,112800,121824
サイクルスポット,2018,ルイガノ 2018 LGS-EA20電動自転車 ミニベロ【店頭受取限定】【在庫限りアウトレット価格】,115800,125064
サイクルスポット,2018,ビッケポーラーe bikke POLAR e ブリヂストン 子供乗せ電動自転車〔BP0D38〕【2018年モデル】,115800,125064
サイクルスポット,2019,ヤマハ PAS Mina ママチャリ電動自転車〔PA26EGM9J〕【2019年モデル】,117800,127224
サイクルスポット,2019,フロンティアDX 24インチ 2019年〔F4DB49〕ブリヂストン ママチャリ 電動自転車,118560,128044
サイクルスポット,2019,フロンティアDX 26インチ 2019年〔F6DB49〕ブリヂストン ママチャリ 電動自転車,118560,128044
サイクルスポット,2018,ブリヂストンサイクル フロンティアロイヤル24 ママチャリ電動自転車〔F4RB48〕【2018年モデル】,118560,128044
サイクルスポット,2018,ブリヂストンサイクル フロンティアロイヤル26 ママチャリ電動自転車〔F6RB48〕【2018年モデル】,118560,128044
サイクルスポット,2019,ヤマハ PAS Babby un リヤチャイルドシート別売り 子供乗せ電動自転車〔PA20DGB9J〕【2019年モデル】,118700,128196
サイクルスポット,2018,ビビKD26〔BE-ELKD63〕【2018年モデル】パナソニック 電動自転車 ママチャリ【WEB限定価格】,120000,129600
サイクルスポット,2018,パナソニック オフタイム〔BE-ELW072A〕小径電動自転車【2018年モデル】,120650,130302
サイクルスポット,2018,ルイガノ 2018 LGS-EA26電動自転車【店頭受取限定】【在庫限りアウトレット価格】,121800,131544
サイクルスポット,2018,【クリスマスクーポン対象】ギュットミニ DX〔BE-ELMD034〕【2018年モデル】パナソニック 子供乗せ電動自転車【当ストア限定価格】,122500,132300
サイクルスポット,2018,ギュットアニーズ DX〔BE-ELA03〕【2018年モデル】パナソニック 子供乗せ電動自転車【WEB限定価格】,122500,132300
サイクルスポット,2018,ギュットアニーズF DX〔BE-ELA63〕【2018年モデル】パナソニック 子供乗せ電動自転車【WEB限定価格】,122500,132300
サイクルスポット,2018,パナソニック ハリヤ〔BE-ELH242B〕電動自転車【2018年モデル】,122550,132354
サイクルスポット,2018,ブリヂストン ビッケモブdd bikke MOB dd 子供乗せ電動自転車〔BM0B48〕【2018年モデル】,124800,134784
サイクルスポット,0000,LOUIS GARNEAUルイガノ電動自転車17 LGS-EA26【店頭受取限定】,125000,135000
サイクルスポット,2019,ヤマハ PAS Babby un リヤチャイルドシート標準装備 子供乗せ電動自転車〔PA20DGXB9J〕【2019年モデル】,127300,137484
サイクルスポット,2019,ギュットアニーズSX 2019 パナソニック 子供乗せ 電動自転車〔BE-ELAS03〕【12.0Ah】【2019年モデル】,128800,139104
サイクルスポット,2019,ルイガノ ASCENT mini 2019 アセントミニ 小径 電動自転車【店頭受取限定】ミニベロ,129000,139320
サイクルスポット,2018,ビビKD24〔BE-ELKD43〕【2018年モデル】パナソニック 電動自転車 ママチャリ【WEB限定価格】,129000,139320
サイクルスポット,2018,HYDEE.2 ハイディーツー ブリヂストン 子供乗せ電動自転車〔HY6C38〕【2018年モデル】,129800,140184
サイクルスポット,2019,ヤマハ PAS Babby un SP リヤチャイルドシート標準装備 子供乗せ電動自転車〔PA20DGSB9J〕【2019年モデル】,129800,140184
サイクルスポット,2019,ビッケポーラーe 2019 〔BP0C49〕 bikke POLAR e ブリヂストン 子供乗せ電動自転車 【2019年早期モデル】※フロントチャイルドシートクッション別売り,129800,140184
サイクルスポット,2018,パナソニック BP02〔BE-ELZC63A〕電動自転車【2018年モデル】,131000,141480
サイクルスポット,2018,ティモEX〔BE-ELET754〕【2018年モデル】パナソニック 電動自転車 ママチャリ,131800,142344
サイクルスポット,2018,ビッケグリdd bikke GRI dd ブリヂストン 子供乗せ電動自転車〔BG0B48〕【2018年モデル】,131860,142408
サイクルスポット,2019,ヤマハ PAS With SP26 ママチャリ電動自転車〔PA26BGWP9J〕【2019年モデル】,132000,142560
サイクルスポット,2019,ヤマハ PAS With SP24 ママチャリ電動自転車〔PA24BGWP9J〕【2019年モデル】,132000,142560
サイクルスポット,2018,ヤマハ PAS With SP26〔PA26AGWP8J〕ママチャリ電動自転車(パスウィズSP26インチ)【2018年モデル】,132050,142614
サイクルスポット,2018,ヤマハ PAS With SP24〔PW24AGWP8J〕電動自転車【2018年モデル】,132050,142614
サイクルスポット,2019,【クリスマスクーポン対象】ギュットアニーズDX 2019 パナソニック 子供乗せ 電動自転車〔BE-ELAD03〕【16.0Ah】【2019年モデル】,132800,143424
サイクルスポット,2019,ギュットアニーズDX26 パナソニック 2019 子供乗せ 電動自転車〔BE-ELAD63〕【16.0Ah】【2019年モデル】,132800,143424
サイクルスポット,2018,ブリヂストンサイクル アルベルトe B400 263L ママチャリ電動自転車〔AL6B48〕【2018年モデル】,132800,143424
サイクルスポット,2018,ヤマハ PAS Kiss mini un〔PA20CGXK8J〕パスキッスミニアン[PA20KXL] 子供乗せ電動自転車【2018年モデル】,133000,143640
サイクルスポット,2019,ヤマハ PAS Kiss mini un 子供乗せ電動自転車〔PA20DGXK9J〕【2019年モデル】,133000,143640
サイクルスポット,2018,ブリヂストンサイクル アルベルトe B400 275L ママチャリ電動自転車〔AL7B48〕【2018年モデル】,134800,145584
サイクルスポット,2018,ブリヂストンサイクル アルベルトe B400 275S ママチャリ電動自転車〔AS7B48〕【2018年モデル】,134800,145584
サイクルスポット,2019,ルイガノ 電動自転車 ASCENT city 2019 アセントシティ ママチャリ【店頭受取限定】,135000,145800
サイクルスポット,2018,EF-1 Pro QICYCLE ミニベロ 折りたたみ イーバイク e-bike 電動自転車【2018年モデル】【店頭受取限定】,135000,145800
サイクルスポット,2019,ビッケポーラーe 2019 bikke POLAR e〔BR0C49〕ブリヂストン 子供乗せ電動自転車 ※フロントチャイルドシートクッション標準装備,136610,147538
サイクルスポット,2019,ヤマハ PAS Kiss mini un SP 子供乗せ電動自転車〔PA20DGSK9J〕【2019年モデル】,136800,147744
サイクルスポット,0000,TSINOVA チノバ ALIAS 電動自転車 ミニベロ E-bike イーバイク,136800,147744
サイクルスポット,0000,TSINOVA チノバ TS01 電動自転車 小径電動自転車 E-bike イーバイク,136800,147744
サイクルスポット,2018,ギュットアニーズ KD〔BE-ELMK03〕【2018年モデル】パナソニック 子供乗せ電動自転車【WEB限定価格】,139000,150120
サイクルスポット,2019,ビッケグリdd 2019 bikke GRI dd〔BG0B49〕ブリヂストン 子供乗せ電動自転車,139800,150984
サイクルスポット,2019,ビッケモブdd 2019 bikke MOB dd〔BM0B49〕ブリヂストン 子供乗せ電動自転車,139800,150984
サイクルスポット,2018,ギュットミニ KD〔BE-ELM032〕【2018年モデル】パナソニック 電動自転車【WEB限定価格】,142200,153576
サイクルスポット,2019, ギュットクルームDX 2019 パナソニック 〔BE-ELFD03〕 子供乗せ 電動自転車【2019年モデル】【16.0Ah】【20インチ】,142300,153684
サイクルスポット,2019,ハイディ ツー 2019 HYDEE.2〔HY6B49〕ブリヂストン 子供乗せ電動自転車,147060,158824
サイクルスポット,0000,ZERO N2.0 ベネリ BENELLI 折りたたみ 電動自転車 E-bike イーバイク【店頭受取限定商品】,148000,159840
サイクルスポット,2019,ヤマハ PAS Crew Disney edition 子供乗せ電動自転車〔PA24AGC9J〕【2019年モデル】,149800,161784
サイクルスポット,2019,ギュットアニーズEX 2019 パナソニック 子供乗せ 電動自転車〔BE-ELAE033〕【16.0Ah】【2019年モデル】,149800,161784
サイクルスポット,2019,ハイディ ツー 2019年限定モデル HYDEE.2 〔HC6B49〕ブリヂストン 子供乗せ電動自転車,149910,161902
サイクルスポット,2019,ルイガノ 電動自転車  ASCENT DELUXE 2019 アセントデラックス 【子供乗せ対応】【店頭受取限定】,150000,162000
サイクルスポット,0000,BESV/ベスビー CF1 LENA(リーナ) ママチャリ電動自転車 <広尾店・渋谷店・都立大学店・麻布十番店・三田店・四谷店受取限定品>,155556,168000
サイクルスポット,2019,ギュットクルームEX 2019 パナソニック 〔BE-ELFE03〕 子供乗せ 電動自転車【2019年モデル】【16.0Ah】【20インチ】,157500,170100
サイクルスポット,2019,【予約】PAS Crew Disney edition 〈PA24C〉 ミッキー90周年限定デザインモデル ディズニーエディション 2019年モデル 【受注期間限定販売モデル】電動自転車,159600,172368
サイクルスポット,2018,ギュットアニーズKE BE-ELKE03 【2018年モデル】 パナソニック 子供乗せ電動自転車【WEB限定価格】,169000,182520
サイクルスポット,0000,【店舗受取限定商品】besv PSA1電動自転車 ベスビー<広尾店・渋谷店・都立大学店・麻布十番店・三田店・四谷店受取限定品>,185000,199800
サイクルスポット,0000,besv PSA1 電動自転車 ベスビー<広尾店・渋谷店・都立大学店・麻布十番店・三田店・四谷店受取限定品> E-bike イーバイク,185000,199800
サイクルスポット,0000,besv PSA1電動自転車 ベスビー<広尾店・渋谷店・都立大学店・麻布十番店・三田店・四谷店受取限定品> E-bike イーバイク,185000,199800
サイクルスポット,0000,besv PSA1 電動自転車 ベスビー<広尾店・渋谷店・都立大学店・麻布十番店・三田店・四谷店受取限定品> E-bike イーバイク,185000,199800
サイクルスポット,0000,ベネリbenelli  TAGETE 27.5 E-bike 電動自転車マウンテンバイク<※100台限定価格※>【店舗受取限定】 E-bike イーバイク,198000,213840
サイクルスポット,2018,ヤマハ YPJ-R〔PW70BGRx8J〕電動自転車【2018年モデル】ロードバイク ワイピージェーアール,218500,235980
サイクルスポット,2018,パナソニック XU1〔BE-EXU44〕電動自転車  E-bike イーバイク【2018年モデル】【店舗受取限定】,225000,243000
サイクルスポット,0000,ベスビー JF1 電動自転車(広尾店・渋谷店・都立大学店・麻布十番店・三田店・四谷店受取限定品),230000,248400
サイクルスポット,2018,【ヘルメットプレゼント中!】ベネリbenelli TAGETE27.5 2018model 電動自転車 マウンテンバイク【店舗受取限定】E-bike イーバイク,238000,257040
サイクルスポット,2018,YPJ-EC 電動自転車〔PW70AECx8J〕【2018年モデル】【店頭受取限定】,247000,266760
サイクルスポット,0000,CRUISE(クルーズ) クロスバイク 電動自転車  E-bike イーバイク(シマノSTEPS)【店頭受取限定】,269000,290520
サイクルスポット,0000,ベスビー JR1 電動自転車(広尾店・渋谷店・都立大学店・麻布十番店・三田店・四谷店受取限定品),276000,298080
サイクルスポット,0000,【予約品】PS1 ADV 電動自転車 ベスビー<等々力店・広尾店・渋谷店・都立大学店・麻布十番店・三田店・四谷店受取限定品>,276000,298080
サイクルスポット,2018,【ヘルメットプレゼント中!】ベネリ benelli NERONE 27.5+ 2018 電動自転車 マウンテンバイク 【店舗受取限定】E-bike イーバイク,278000,300240
サイクルスポット,2018,YPJ-TC 電動自転車〔PW70ATCx8J〕【2018年モデル】【店頭受取限定】,285000,307800
サイクルスポット,2018,コラテック イーパワーシェイプ corratec E-POWER SHAPE 電動自転車 クロスバイク E-BIKE【2018年モデル】 【店頭受取限定】,298000,321840
サイクルスポット,2018,ヤマハ YPJ-ER ロードバイク 電動自転車 イーバイク e-bike 2018年モデル 【店頭受取限定】,304000,328320
サイクルスポット,2019,ルイガノ ASCENT e-sports 2019 アセントイースポーツ イーバイク E-bike【店頭受取限定】,330000,356400
サイクルスポット,0000,【予約品】パナソニック XM1 電動アシストマウンテンバイク BE-EXM40 エックスエムワン E-bike イーバイク,330000,356400
サイクルスポット,2018,YPJ-XC 電動自転車〔PB27AXCx8J〕【2018年モデル】【店頭受取限定】,332500,359100
サイクルスポット,0000,RIDGE-RUNNER(リッジランナー) マウンテンバイク 電動自転車 E-bike イーバイク (シマノSTEPS)【店頭受取限定】,369000,398520
サイクルスポット,2018,パナソニック XM2〔BE-EWM40〕電動自転車 E-bike イーバイク【2018年モデル】【店舗受取限定】,380000,410400
サイクルスポット,0000,MIZUTANI Seraph セラフ 電動自転車 クロスバイク【店頭受取限定】,380000,410400
サイクルスポット,0000,【予約品】TRS1 電動自転車 ベスビー<広尾店・渋谷店・都立大学店・麻布十番店・三田店・四谷店受取限定品>【お取り寄せ】,462000,498960
